PartName,JointedNeighborCount,ClusterId,ClusterSize
Aft_Section_Aft_Turret_Nest_Railings_Upper_1,2,12,203
Aft_Section_Aft_Turret_Nest_Railings_Upper_3,2,12,203
Aft_Section_Aft_Turret_Nest_Railings_Upper_6,3,12,203
Aft_Section_Aft_Turret_Nest_Railings_Upper_7,2,12,203
Bottom Holo Field Collider,0,4,1
EngineBellExtPanels_00,2,12,203
EngineBellExtPanels_01,1,8,2
EngineBellExtPanels_02,1,7,2
EngineBellExtPanels_03,1,12,203
EngineBellExtPanels_04,2,12,203
EngineBellExtPanels_05,1,6,2
EngineBellExtPanels_06,1,12,203
EngineBellExtPanels_07,1,8,2
EngineBellExtPanels_08,1,7,2
EngineBellExtPanels_09,2,12,203
EngineBellExtPanels_10,2,12,203
EngineBellExtPanels_11,2,12,203
EngineBellExtPanels_12,1,12,203
EngineBellExtPanels_13,1,6,2
EngineBellExtPanels_14,2,12,203
EngineBellExtPanels_15,2,12,203
EngineBell_00,2,12,203
EngineBell_01,3,12,203
EngineBell_02,3,12,203
EngineBell_03,3,12,203
EngineBell_04,5,12,203
EngineBell_05,2,12,203
EngineBell_06,3,12,203
EngineBell_07,5,12,203
EngineMount_00,7,12,203
EngineMount_01,9,12,203
EngineMount_02,9,12,203
EngineMount_03,10,12,203
EngineMount_04,12,12,203
EngineMount_05,8,12,203
EngineMount_06,8,12,203
EngineMount_07,10,12,203
EngineMount_08,6,12,203
EngineMount_09,4,12,203
EngineMount_10,2,12,203
EngineMount_11,2,12,203
EngineMount_12,5,12,203
EngineMount_13,3,12,203
EngineMount_14,4,12,203
EngineMount_15,6,12,203
EngineMount_16,4,12,203
EngineMount_17,2,12,203
EngineMount_18,4,12,203
EngineMount_19,4,12,203
EngineMount_20,4,12,203
EngineMount_21,3,12,203
EngineMount_22,2,12,203
EngineMount_23,3,12,203
EngineNozzle_00,1,13,210
EngineNozzle_01,4,13,210
EngineNozzle_02,3,13,210
EngineNozzle_03,3,13,210
EngineNozzle_04,5,13,210
EngineNozzle_05,4,13,210
EngineNozzle_06,4,13,210
EngineNozzle_07,3,13,210
EngineNozzle_08,3,13,210
EngineNozzle_09,3,13,210
EngineNozzle_10,3,13,210
EngineNozzle_11,4,13,210
EngineNozzle_12,4,13,210
EngineNozzle_13,5,13,210
EngineNozzle_14,5,13,210
EngineNozzle_15,6,13,210
Engineering_1,2,12,203
Engineering_10,6,12,203
Engineering_12,4,12,203
Engineering_14,4,12,203
Engineering_16,9,12,203
Engineering_17,8,12,203
Engineering_19,3,12,203
Engineering_2,1,12,203
Engineering_21,2,12,203
Engineering_22,3,12,203
Engineering_23,2,12,203
Engineering_24,2,12,203
Engineering_25,4,12,203
Engineering_26,4,12,203
Engineering_27,2,12,203
Engineering_28,2,12,203
Engineering_29,2,12,203
Engineering_3,5,12,203
Engineering_30,2,12,203
Engineering_31,1,12,203
Engineering_32,2,12,203
Engineering_4,1,12,203
Engineering_6,5,12,203
Engineering_8,3,12,203
Engineering_Ceiling_seg01,5,12,203
Engineering_Ceiling_seg02,6,12,203
Engineering_Ceiling_seg03,5,12,203
Engineering_Ceiling_seg04,5,12,203
Engineering_Ceiling_seg05,5,12,203
Engineering_Ceiling_seg06,4,12,203
Engineering_Ceiling_seg07,5,12,203
Engineering_Ceiling_seg08,5,12,203
Engineering_Floor_seg01,3,12,203
Engineering_Floor_seg02,6,12,203
Engineering_Floor_seg03,4,12,203
Engineering_Floor_seg04,5,12,203
Engineering_Floor_seg05,4,12,203
Engineering_Floor_seg06,3,12,203
Engineering_Floor_seg07,5,12,203
Engineering_Floor_seg08,3,12,203
Filter1,4,12,203
Filter2,4,12,203
Heat_Exchanger.001_1,3,12,203
Heat_Exchanger.001_2,4,12,203
Heat_Exchanger.002_1,2,10,3
Heat_Exchanger.002_2,2,10,3
Heat_Exchanger.003_1,3,11,4
Heat_Exchanger.003_2,3,11,4
Heat_Exchanger.004_1,3,12,203
Heat_Exchanger.004_2,3,12,203
Heat_Exchanger.005_1,3,12,203
Heat_Exchanger.005_2,3,12,203
Heat_Exchanger.006_1,4,12,203
Heat_Exchanger.006_2,3,12,203
Heat_Exchanger.007_1,2,9,3
Heat_Exchanger.007_2,2,9,3
Heat_Exchanger_1,3,12,203
Heat_Exchanger_2,4,12,203
InvisibleJoint,0,3,1
PDC_Barrel.004,1,12,203
PDC_Barrel.005,1,12,203
PDC_Base.004,1,12,203
PDC_Base.005,1,12,203
PDC_Main_Body.004,3,12,203
PDC_Main_Body.005,3,12,203
PDC_Pivot.005_1,3,12,203
PDC_Pivot.005_3,3,12,203
PDC_Pivot.005_4,2,12,203
PDC_Pivot.005_5,3,12,203
PRF_SubSystems_Reactor_ClassB,1,13,210
Piping1,2,12,203
Piping2,2,12,203
ReactorHousing_00,3,12,203
ReactorHousing_01,3,12,203
ReactorHousing_02,3,12,203
ReactorHousing_03,3,12,203
ReactorHousing_04,2,12,203
ReactorHousing_05,4,12,203
ReactorHousing_06,5,12,203
ReactorHousing_07,4,12,203
SM_AirlockConsole_LockMain,1,13,210
SM_AirlockConsole_LockMain,1,13,210
SM_AirlockConsole_LockMain,1,13,210
SM_AirlockConsole_LockMain,1,13,210
SM_AirlockConsole_LockMain,1,13,210
SM_AirlockConsole_LockMain,1,13,210
SM_AirlockConsole_LockMain,1,13,210
SM_AirlockConsole_LockMain,1,13,210
SM_Barge_Frame_V02,0,5,1
SM_Collectible_PowerCell_L,2,13,210
SM_Collectible_PowerCell_Plug_1,2,13,210
SM_DataDrive,0,,
SM_Light_Running_A_2,1,13,210
SM_Light_Running_A_2,1,13,210
SM_Light_Running_A_2,1,13,210
SM_Light_Running_A_2,1,13,210
SM_OmniPipe_Bend,7,13,210
SM_OmniPipe_Bend,3,13,210
SM_OmniPipe_Bend,2,13,210
SM_OmniPipe_Bend,2,13,210
SM_OmniPipe_Bend,2,13,210
SM_OmniPipe_Bend,7,13,210
SM_OmniPipe_Bend,3,13,210
SM_OmniPipe_Bend,2,13,210
SM_OmniPipe_Bend,2,13,210
SM_OmniPipe_Bend,2,13,210
SM_OmniPipe_Bend,7,13,210
SM_OmniPipe_Bend,3,13,210
SM_OmniPipe_Bend,2,13,210
SM_OmniPipe_Bend,2,13,210
SM_OmniPipe_Bend,2,13,210
SM_OmniPipe_Bend,7,13,210
SM_OmniPipe_Bend,3,13,210
SM_OmniPipe_Bend,2,13,210
SM_OmniPipe_Bend,2,13,210
SM_OmniPipe_Bend,2,13,210
SM_OmniPipe_Bend,7,13,210
SM_OmniPipe_Bend,3,13,210
SM_OmniPipe_Bend,2,13,210
SM_OmniPipe_Bend,2,13,210
SM_OmniPipe_Bend,2,13,210
SM_OmniPipe_Bend,7,13,210
SM_OmniPipe_Bend,3,13,210
SM_OmniPipe_Bend,2,13,210
SM_OmniPipe_Bend,2,13,210
SM_OmniPipe_Bend,2,13,210
SM_OmniPipe_Bend,7,13,210
SM_OmniPipe_Bend,3,13,210
SM_OmniPipe_Bend,2,13,210
SM_OmniPipe_Bend,2,13,210
SM_OmniPipe_Bend,2,13,210
SM_OmniPipe_Bend,7,13,210
SM_OmniPipe_Bend,3,13,210
SM_OmniPipe_Bend,2,13,210
SM_OmniPipe_Bend,2,13,210
SM_OmniPipe_Bend,2,13,210
SM_OmniPipe_FourIntoOne_1Bx1Bx1B0_FeedW,4,13,210
SM_OmniPipe_FourIntoOne_1Bx1Bx1B0_FeedW,4,13,210
SM_OmniPipe_FourIntoOne_1Bx1Bx1B0_FeedW,4,13,210
SM_OmniPipe_FourIntoOne_1Bx1Bx1B0_FeedW,4,13,210
SM_OmniPipe_FourIntoOne_1Bx1Bx1B0_FeedW,4,13,210
SM_OmniPipe_FourIntoOne_1Bx1Bx1B0_FeedW,4,13,210
SM_OmniPipe_FourIntoOne_1Bx1Bx1B0_FeedW,3,13,210
SM_OmniPipe_FourIntoOne_1Bx1Bx1B0_FeedW,4,13,210
SM_OmniPipe_FourIntoOne_1Bx1Bx1B0_FeedX,4,13,210
SM_OmniPipe_FourIntoOne_1Bx1Bx1B0_FeedX,4,13,210
SM_OmniPipe_FourIntoOne_1Bx1Bx1B0_FeedX,4,13,210
SM_OmniPipe_FourIntoOne_1Bx1Bx1B0_FeedX,4,13,210
SM_OmniPipe_FourIntoOne_1Bx1Bx1B0_FeedX,4,13,210
SM_OmniPipe_FourIntoOne_1Bx1Bx1B0_FeedX,4,13,210
SM_OmniPipe_FourIntoOne_1Bx1Bx1B0_FeedX,3,13,210
SM_OmniPipe_FourIntoOne_1Bx1Bx1B0_FeedX,4,13,210
SM_OmniPipe_FourIntoOne_1Bx1Bx1B0_FeedY,4,13,210
SM_OmniPipe_FourIntoOne_1Bx1Bx1B0_FeedY,4,13,210
SM_OmniPipe_FourIntoOne_1Bx1Bx1B0_FeedY,4,13,210
SM_OmniPipe_FourIntoOne_1Bx1Bx1B0_FeedY,4,13,210
SM_OmniPipe_FourIntoOne_1Bx1Bx1B0_FeedY,4,13,210
SM_OmniPipe_FourIntoOne_1Bx1Bx1B0_FeedY,4,13,210
SM_OmniPipe_FourIntoOne_1Bx1Bx1B0_FeedY,2,13,210
SM_OmniPipe_FourIntoOne_1Bx1Bx1B0_FeedY,4,13,210
SM_OmniPipe_FourIntoOne_1Bx1Bx1B0_FeedZ,4,13,210
SM_OmniPipe_FourIntoOne_1Bx1Bx1B0_FeedZ,4,13,210
SM_OmniPipe_FourIntoOne_1Bx1Bx1B0_FeedZ,4,13,210
SM_OmniPipe_FourIntoOne_1Bx1Bx1B0_FeedZ,4,13,210
SM_OmniPipe_FourIntoOne_1Bx1Bx1B0_FeedZ,4,13,210
SM_OmniPipe_FourIntoOne_1Bx1Bx1B0_FeedZ,4,13,210
SM_OmniPipe_FourIntoOne_1Bx1Bx1B0_FeedZ,4,13,210
SM_OmniPipe_FourIntoOne_1Bx1Bx1B0_FeedZ,4,13,210
SM_OmniPipe_FourIntoOne_1Bx1Bx1B0_Funnel,5,13,210
SM_OmniPipe_FourIntoOne_1Bx1Bx1B0_Funnel,5,13,210
SM_OmniPipe_FourIntoOne_1Bx1Bx1B0_Funnel,5,13,210
SM_OmniPipe_FourIntoOne_1Bx1Bx1B0_Funnel,5,13,210
SM_OmniPipe_FourIntoOne_1Bx1Bx1B0_Funnel,5,13,210
SM_OmniPipe_FourIntoOne_1Bx1Bx1B0_Funnel,5,13,210
SM_OmniPipe_FourIntoOne_1Bx1Bx1B0_Funnel,5,13,210
SM_OmniPipe_FourIntoOne_1Bx1Bx1B0_Funnel,5,13,210
SM_OmniPipe_FourIntoOne_1Bx1Bx1B0_Neck,1,13,210
SM_OmniPipe_FourIntoOne_1Bx1Bx1B0_Neck,1,13,210
SM_OmniPipe_FourIntoOne_1Bx1Bx1B0_Neck,1,13,210
SM_OmniPipe_FourIntoOne_1Bx1Bx1B0_Neck,1,13,210
SM_OmniPipe_FourIntoOne_1Bx1Bx1B0_Neck,1,13,210
SM_OmniPipe_FourIntoOne_1Bx1Bx1B0_Neck,1,13,210
SM_OmniPipe_FourIntoOne_1Bx1Bx1B0_Neck,1,13,210
SM_OmniPipe_FourIntoOne_1Bx1Bx1B0_Neck,1,13,210
SM_OmniPipe_FourIntoOne_1Bx1Bx6_FeedW,4,13,210
SM_OmniPipe_FourIntoOne_1Bx1Bx6_FeedX,4,13,210
SM_OmniPipe_FourIntoOne_1Bx1Bx6_FeedY,4,13,210
SM_OmniPipe_FourIntoOne_1Bx1Bx6_FeedZ,4,13,210
SM_OmniPipe_FourIntoOne_1Bx1Bx6_Funnel,5,13,210
SM_OmniPipe_FourIntoOne_1Bx1Bx6_Knuckle,2,13,210
SM_OmniPipe_FourIntoOne_1Bx1Bx6_Neck,2,13,210
SM_OmniPipe_FourIntoOne_1Bx1Bx6_Taper,1,13,210
SM_OmniPipe_Straight_Bx1xB,5,13,210
SM_OmniPipe_Straight_Bx1xB,2,13,210
SM_OmniPipe_Straight_Bx1xB,5,13,210
SM_OmniPipe_Straight_Bx1xB,2,13,210
SM_OmniPipe_Straight_Bx1xB,6,13,210
SM_OmniPipe_Straight_Bx1xB,2,13,210
SM_OmniPipe_Straight_Bx1xB,6,13,210
SM_OmniPipe_Straight_Bx1xB,2,13,210
SM_OmniPipe_Straight_Bx1xB,6,13,210
SM_OmniPipe_Straight_Bx1xB,2,13,210
SM_OmniPipe_Straight_Bx1xB,6,13,210
SM_OmniPipe_Straight_Bx1xB,2,13,210
SM_OmniPipe_Straight_Bx1xB,5,13,210
SM_OmniPipe_Straight_Bx1xB,2,13,210
SM_OmniPipe_Straight_Bx1xB,5,13,210
SM_OmniPipe_Straight_Bx1xB,2,13,210
SM_OmniPipe_Straight_Bx8xB,2,13,210
SM_OmniPipe_Straight_Bx8xB,2,13,210
SM_OmniPipe_Straight_Bx8xB,2,13,210
SM_OmniPipe_Straight_Bx8xB,2,13,210
SM_OmniPipe_Straight_Bx8xB,2,13,210
SM_OmniPipe_Straight_Bx8xB,2,13,210
SM_OmniPipe_Straight_Bx8xB,2,13,210
SM_OmniPipe_Straight_Bx8xB,2,13,210
SM_OmniPipe_Straight_CutPoint_BxAxB,2,13,210
SM_OmniPipe_Straight_CutPoint_BxAxB,2,13,210
SM_OmniPipe_Straight_CutPoint_BxAxB,2,13,210
SM_OmniPipe_Straight_CutPoint_BxAxB,2,13,210
SM_OmniPipe_Straight_CutPoint_BxAxB,2,13,210
SM_OmniPipe_Straight_CutPoint_BxAxB,2,13,210
SM_OmniPipe_Straight_CutPoint_BxAxB,2,13,210
SM_OmniPipe_Straight_CutPoint_BxAxB,2,13,210
SM_ShipKit_Cutpoint_BxBxB_Center,2,12,203
SM_ShipKit_Cutpoint_BxBxB_Center,2,12,203
SM_ShipKit_Cutpoint_BxBxB_Center,2,12,203
SM_ShipKit_Cutpoint_BxBxB_Center,2,12,203
SM_ShipKit_Cutpoint_BxBxB_Center,2,12,203
SM_ShipKit_Cutpoint_BxBxB_Center,2,12,203
SM_ShipKit_Cutpoint_BxBxB_Center,2,12,203
SM_ShipKit_Cutpoint_BxBxB_Center,2,12,203
SM_ShipKit_Internal_ChassisRing_Cutpoint_Nub01_AxAxB,2,12,203
SM_ShipKit_Internal_ChassisRing_Cutpoint_Nub01_AxAxB,2,13,210
SM_ShipKit_Internal_ChassisRing_Cutpoint_Nub01_AxAxB,2,13,210
SM_ShipKit_Internal_ChassisRing_Cutpoint_Nub01_AxAxB,2,13,210
SM_ShipKit_Internal_ChassisRing_Cutpoint_Nub01_AxAxB,2,13,210
SM_Shipkit_ReinforcementBeam_BxBx3,2,12,203
SM_Shipkit_ReinforcementBeam_BxBx3,3,12,203
SM_Shipkit_ReinforcementBeam_BxBx3,3,12,203
SM_Shipkit_ReinforcementBeam_BxBx3,3,12,203
SM_Shipkit_ReinforcementBeam_DiagRing_BxBxC0,2,12,203
SM_Shipkit_ReinforcementBeam_DiagRing_BxBxC0,3,12,203
SM_Shipkit_ReinforcementBeam_DiagRing_BxBxC0,3,12,203
SM_Shipkit_ReinforcementBeam_DiagRing_BxBxC0,3,12,203
SM_SubSystems_Reactor_ClassB_LidBase,10,13,210
SM_SubSystems_Reactor_ClassB_LidBase,13,13,210
SM_SubSystems_Reactor_ClassB_PanelLarge1,0,,
SM_SubSystems_Reactor_ClassB_PanelLarge1 (1),4,13,210
SM_SubSystems_Reactor_ClassB_PanelLarge4,3,13,210
SM_SubSystems_Reactor_ClassB_PanelLarge4 (1),9,13,210
SM_SubSystems_Reactor_ClassB_PanelSmall1,0,,
SM_SubSystems_Reactor_ClassB_PanelSmall1 (1),4,13,210
SM_SubSystems_Reactor_ClassB_PanelSmall2,0,,
SM_SubSystems_Reactor_ClassB_PanelSmall2 (1),4,13,210
SM_Thruster_1Ax1Ax6_Front,7,13,210
SM_Thruster_1Ax1Ax6_Front,8,13,210
SM_Thruster_1Ax1Ax6_Front,7,13,210
SM_Thruster_1Ax1Ax6_Front,8,13,210
SM_Thruster_1Ax1Ax6_Front,7,13,210
SM_Thruster_1Ax1Ax6_Front,8,13,210
SM_Thruster_1Ax1Ax6_Front,7,13,210
SM_Thruster_1Ax1Ax6_Front,8,13,210
SM_Thruster_1Ax1Ax6_Mid,7,13,210
SM_Thruster_1Ax1Ax6_Mid,8,13,210
SM_Thruster_1Ax1Ax6_Mid,7,13,210
SM_Thruster_1Ax1Ax6_Mid,8,13,210
SM_Thruster_1Ax1Ax6_Mid,7,13,210
SM_Thruster_1Ax1Ax6_Mid,8,13,210
SM_Thruster_1Ax1Ax6_Mid,7,13,210
SM_Thruster_1Ax1Ax6_Mid,8,13,210
SM_Thruster_1Ax1Ax6_Nozzle,2,13,210
SM_Thruster_1Ax1Ax6_Nozzle,2,13,210
SM_Thruster_1Ax1Ax6_Nozzle,2,13,210
SM_Thruster_1Ax1Ax6_Nozzle,2,13,210
SM_Thruster_1Ax1Ax6_Nozzle,2,13,210
SM_Thruster_1Ax1Ax6_Nozzle,2,13,210
SM_Thruster_1Ax1Ax6_Nozzle,2,13,210
SM_Thruster_1Ax1Ax6_Nozzle,2,13,210
SM_Thruster_1Ax1Ax6_Rear,7,13,210
SM_Thruster_1Ax1Ax6_Rear,8,13,210
SM_Thruster_1Ax1Ax6_Rear,7,13,210
SM_Thruster_1Ax1Ax6_Rear,8,13,210
SM_Thruster_1Ax1Ax6_Rear,7,13,210
SM_Thruster_1Ax1Ax6_Rear,8,13,210
SM_Thruster_1Ax1Ax6_Rear,7,13,210
SM_Thruster_1Ax1Ax6_Rear,8,13,210
SM_Thruster_crossbeam_Centre,3,13,210
SM_Thruster_crossbeam_Centre,3,13,210
SM_Thruster_crossbeam_Centre,3,13,210
SM_Thruster_crossbeam_Centre,3,13,210
SM_Thruster_crossbeam_Centre,3,13,210
SM_Thruster_crossbeam_Centre,3,13,210
SM_Thruster_crossbeam_Centre,3,13,210
SM_Thruster_crossbeam_Centre,3,13,210
Sealed_Hatch,1,12,203
Struts_00,6,12,203
Struts_01,2,12,203
Struts_02,2,12,203
Struts_03,7,12,203
Struts_04,2,12,203
Struts_05,0,,
Struts_06,2,12,203
Struts_07,1,12,203
Struts_08,0,,
Struts_09,2,12,203
Struts_10,6,12,203
Struts_11,0,,
Struts_12,2,12,203
Struts_13,2,12,203
Struts_14,2,12,203
Struts_15,2,12,203
Struts_16,3,12,203
Struts_17,2,12,203
Struts_18,2,12,203
Struts_19,0,,
Struts_20,2,12,203
Struts_21,2,12,203
Struts_22,1,12,203
Struts_23,2,12,203
Struts_24,0,,
Struts_25,7,12,203
Struts_26,2,12,203
Struts_27,0,,
Struts_28,2,12,203
Struts_29,2,12,203
Struts_30,0,,
Struts_31,2,12,203
Struts_32,2,12,203
Struts_33,2,12,203
Struts_34,0,,
Struts_35,0,,
Struts_36,2,12,203
Struts_37,2,12,203
Struts_38,2,12,203
Struts_39,2,12,203
Struts_40,2,12,203
Struts_41,0,,
Struts_42,2,12,203
Struts_43,2,12,203
Struts_44,2,12,203
Struts_45,7,12,203
Struts_46,0,,
Struts_47,2,12,203
Struts_48,0,,
Struts_49,2,12,203
Struts_50,2,12,203
Struts_51,0,,
Struts_52,2,12,203
Struts_53,2,12,203
Struts_54,0,,
Struts_55,0,,
Struts_56,2,12,203
Struts_57,2,12,203
Struts_58,2,12,203
Struts_59,2,12,203
Struts_60,2,12,203
Struts_61,2,12,203
Struts_62,6,12,203
Struts_63,1,12,203
Struts_64,2,12,203
Struts_65,2,12,203
Struts_66,2,12,203
Struts_67,7,12,203
Struts_68,2,12,203
Struts_69,0,,
Struts_70,6,12,203
Struts_71,1,12,203
Tank1,1,12,203
Tank2,1,12,203
Thermal_Couple,1,12,203
Thermal_Couple.001,0,1,1
Thermal_Couple.002,0,0,1
Thermal_Couple.003,3,11,4
Thermal_Couple.004,1,12,203
Thermal_Couple.005,1,12,203
Thermal_Couple.006,3,12,203
Thermal_Couple.007,0,2,1
Thermal_Radiator,2,12,203
Thermal_Radiator.001,3,12,203
Thermal_Radiator.002,2,10,3
Thermal_Radiator.003,3,11,4
Thermal_Radiator.004,3,12,203
Thermal_Radiator.005,1,12,203
Thermal_Radiator.006,3,12,203
Thermal_Radiator.007,2,9,3
